----------------------------EMPLEADOS------------------------------

INSERT INTO EMPLOYEE(ID, WORKERID, FIRSTNAME, LASTNAME, EMAIL, PASSWORD, STATUS) VALUES (24288638, '0024288638', 'Mariana', 'Bastidas', 'mariana.bastidas@mt2005.com', '25D55AD283AA400AF464C76D713C07AD',1); --password: 12345678--
INSERT INTO EMPLOYEE(ID, WORKERID, FIRSTNAME, LASTNAME, EMAIL, PASSWORD, STATUS) VALUES (10824338, '0010824338', 'Ana', 'Dávila', 'ana.davila@mt2005.com', '25D55AD283AA400AF464C76D713C07AD',1);
INSERT INTO EMPLOYEE(ID, WORKERID, FIRSTNAME, LASTNAME, EMAIL, PASSWORD, STATUS) VALUES (81972299, '0081972299', 'Lurdes', 'Rendeiro', 'ludes.rendeiro@mt2005.com', '25D55AD283AA400AF464C76D713C07AD',1);
INSERT INTO EMPLOYEE(ID, WORKERID, FIRSTNAME, LASTNAME, EMAIL, PASSWORD, STATUS) VALUES (11591083, '0011591083', 'Milva', 'Cortez', 'milva.cortez@mt2005.com', '25D55AD283AA400AF464C76D713C07AD',1);
INSERT INTO EMPLOYEE(ID, WORKERID, FIRSTNAME, LASTNAME, EMAIL, PASSWORD, STATUS) VALUES (9960226, '0009960226', 'Cleudy', 'Albornoz', 'cleudy.albornoz@mt2005.com', '25D55AD283AA400AF464C76D713C07AD',1);
INSERT INTO EMPLOYEE(ID, WORKERID, FIRSTNAME, LASTNAME, EMAIL, PASSWORD, STATUS) VALUES (18755297, '0018755297', 'Juan', 'Gutiérrez', 'juan.gutierrez@mt2005.com', '25D55AD283AA400AF464C76D713C07AD',1);
INSERT INTO EMPLOYEE(ID, WORKERID, FIRSTNAME, LASTNAME, EMAIL, PASSWORD, STATUS) VALUES (13951470, '0013951470', 'Abraham', 'González', 'abraham.gonzalez@mt2005.com', '25D55AD283AA400AF464C76D713C07AD',1);
INSERT INTO EMPLOYEE(ID, WORKERID, FIRSTNAME, LASTNAME, EMAIL, PASSWORD, STATUS) VALUES (6681924, '006681924', 'Iván', 'Candamo', 'ivan.candamo@mt2005.com', '25D55AD283AA400AF464C76D713C07AD',1);
INSERT INTO EMPLOYEE(ID, WORKERID, FIRSTNAME, LASTNAME, EMAIL, PASSWORD, STATUS) VALUES (15757952, '0015757952', 'Yaisy', 'Barón', 'yaisy.baron@mt2005.com', '25D55AD283AA400AF464C76D713C07AD',1);
INSERT INTO EMPLOYEE(ID, WORKERID, FIRSTNAME, LASTNAME, EMAIL, PASSWORD, STATUS) VALUES (14584510, '0014584510', 'Hembert', 'Gómez', 'hembert.gomez@mt2005.com', '25D55AD283AA400AF464C76D713C07AD',1);
INSERT INTO EMPLOYEE(ID, WORKERID, FIRSTNAME, LASTNAME, EMAIL, PASSWORD, STATUS) VALUES (6912483, '0006912483', 'Luis', 'Gondelles', 'luis.gondelles@hp-sc.net', '25D55AD283AA400AF464C76D713C07AD',1);
INSERT INTO EMPLOYEE(ID, WORKERID, FIRSTNAME, LASTNAME, EMAIL, PASSWORD, STATUS) VALUES (24773340, '0024773340', 'Luis', 'Pérez', 'luis.alejandro120895@gmail.com', 'F9F299C9FE7AE645AE722D2B2E1965AE',1);

-----------------------------CARGOS--------------------------------

INSERT INTO POSITION(NAME) VALUES ('Sin cargo');
INSERT INTO POSITION(NAME) VALUES ('Agente de Call Center');
INSERT INTO POSITION(NAME) VALUES ('Analista Administrativo');
INSERT INTO POSITION(NAME) VALUES ('Analista Contable');
INSERT INTO POSITION(NAME) VALUES ('Analista de Formación y Desarrollo');
INSERT INTO POSITION(NAME) VALUES ('Analista de Monitorio');
INSERT INTO POSITION(NAME) VALUES ('Analista de Servicios I');
INSERT INTO POSITION(NAME) VALUES ('Analista de Talento Humano');
INSERT INTO POSITION(NAME) VALUES ('Auxiliar de Aseo y Cafetería');
INSERT INTO POSITION(NAME) VALUES ('Contralor de Gestión');
INSERT INTO POSITION(NAME) VALUES ('Coordinador de Almacenamiento de Datos');
INSERT INTO POSITION(NAME) VALUES ('Coordinador de Soporte');
INSERT INTO POSITION(NAME) VALUES ('Coordinador de Implementación');
INSERT INTO POSITION(NAME) VALUES ('Ejecutiva de Cuenta');
INSERT INTO POSITION(NAME) VALUES ('Especialista de Organización y Métodos');
INSERT INTO POSITION(NAME) VALUES ('Gerente de Administración');
INSERT INTO POSITION(NAME) VALUES ('Gerente Calidad y Mejora Contínua');
INSERT INTO POSITION(NAME) VALUES ('Gerente de Operaciones');
INSERT INTO POSITION(NAME) VALUES ('Gerente de Proyectos');
INSERT INTO POSITION(NAME) VALUES ('Gerente de Talento Humano');
INSERT INTO POSITION(NAME) VALUES ('Gestor de Proveedores');
INSERT INTO POSITION(NAME) VALUES ('Ingeniero de Campo');
INSERT INTO POSITION(NAME) VALUES ('Jefe de Taller');
INSERT INTO POSITION(NAME) VALUES ('Mensajero');
INSERT INTO POSITION(NAME) VALUES ('Recepcionista');
INSERT INTO POSITION(NAME) VALUES ('Supervisor de Aliados');
INSERT INTO POSITION(NAME) VALUES ('Supervisor de Soporte');
INSERT INTO POSITION(NAME) VALUES ('Support Delivery Manager');
INSERT INTO POSITION(NAME) VALUES ('Técnico de Área de Atención de Soporte');
INSERT INTO POSITION(NAME) VALUES ('Director');
INSERT INTO POSITION(NAME) VALUES ('Gerente de servicios');
INSERT INTO POSITION(NAME) VALUES ('Líder técnico');

-----------------------------CARGOS--------------------------------

---------------------UNIDAD ORGANIZACIONAL-------------------------

INSERT INTO ORGANIZATIONAL_UNIT(NAME, FK_EMPLOYEE) VALUES ('Sin unidad', NULL);
INSERT INTO ORGANIZATIONAL_UNIT(NAME, FK_EMPLOYEE) VALUES ('Proyectos', 8330555);
INSERT INTO ORGANIZATIONAL_UNIT(NAME, FK_EMPLOYEE) VALUES ('Administración', 10869017);
INSERT INTO ORGANIZATIONAL_UNIT(NAME, FK_EMPLOYEE) VALUES ('Operaciones', 11405288);
INSERT INTO ORGANIZATIONAL_UNIT(NAME, FK_EMPLOYEE) VALUES ('Directiva', 6912483);
INSERT INTO ORGANIZATIONAL_UNIT(NAME, FK_EMPLOYEE) VALUES ('Contraloría', 9960226);
INSERT INTO ORGANIZATIONAL_UNIT(NAME, FK_EMPLOYEE) VALUES ('Consultoría', NULL);

---------------------UNIDAD ORGANIZACIONAL-------------------------

--------------------------ASIGNACIONES-----------------------------
--Administración--
INSERT INTO ASSIGNMENT(FK_POSITION, FK_ORGANIZATIONALUNIT, FK_EMPLOYEE) VALUES (15, 3, 11591083);
--Operaciones--
INSERT INTO ASSIGNMENT(FK_POSITION, FK_ORGANIZATIONALUNIT, FK_EMPLOYEE) VALUES (22, 4, 13951470);
INSERT INTO ASSIGNMENT(FK_POSITION, FK_ORGANIZATIONALUNIT, FK_EMPLOYEE) VALUES (7, 4, 24288638);
INSERT INTO ASSIGNMENT(FK_POSITION, FK_ORGANIZATIONALUNIT, FK_EMPLOYEE) VALUES (14, 4, 81972299);
INSERT INTO ASSIGNMENT(FK_POSITION, FK_ORGANIZATIONALUNIT, FK_EMPLOYEE) VALUES (22, 4, 18755297);
INSERT INTO ASSIGNMENT(FK_POSITION, FK_ORGANIZATIONALUNIT, FK_EMPLOYEE) VALUES (28, 4, 15757952);
--Proyectos--
INSERT INTO ASSIGNMENT(FK_POSITION, FK_ORGANIZATIONALUNIT, FK_EMPLOYEE) VALUES (19, 2, 10824338);
--Otros--
INSERT INTO ASSIGNMENT(FK_POSITION, FK_ORGANIZATIONALUNIT, FK_EMPLOYEE) VALUES (10, 6, 9960226);
INSERT INTO ASSIGNMENT(FK_POSITION, FK_ORGANIZATIONALUNIT, FK_EMPLOYEE) VALUES (31, 7, 14584510);
INSERT INTO ASSIGNMENT(FK_POSITION, FK_ORGANIZATIONALUNIT, FK_EMPLOYEE) VALUES (32, 7, 6681924);
INSERT INTO ASSIGNMENT(FK_POSITION, FK_ORGANIZATIONALUNIT, FK_EMPLOYEE) VALUES (30, 5, 6912483);
INSERT INTO ASSIGNMENT(FK_POSITION, FK_ORGANIZATIONALUNIT, FK_EMPLOYEE) VALUES (30, 5, 24773340);
--------------------------ASIGNACIONES-----------------------------

----------------------------TIMESHEET------------------------------

INSERT INTO TIMESHEET(ID, INITDATE, ENDDATE, STATUS, FK_EMPLOYEE) VALUES (2428863815112019, '2019-11-01', '2019-11-15', 'ABIERTA', 24288638);
INSERT INTO TIMESHEET(ID, INITDATE, ENDDATE, STATUS, FK_EMPLOYEE) VALUES (1082433815112019, '2019-11-01', '2019-11-15', 'ABIERTA', 10824338);
INSERT INTO TIMESHEET(ID, INITDATE, ENDDATE, STATUS, FK_EMPLOYEE) VALUES (8197229915112019, '2019-11-01', '2019-11-15', 'ABIERTA', 81972299);
INSERT INTO TIMESHEET(ID, INITDATE, ENDDATE, STATUS, FK_EMPLOYEE) VALUES (1159108315112019, '2019-11-01', '2019-11-15', 'ABIERTA', 11591083);
INSERT INTO TIMESHEET(ID, INITDATE, ENDDATE, STATUS, FK_EMPLOYEE) VALUES (996022615112019, '2019-11-01', '2019-11-15', 'ABIERTA', 9960226);
INSERT INTO TIMESHEET(ID, INITDATE, ENDDATE, STATUS, FK_EMPLOYEE) VALUES (1875529715112019, '2019-11-01', '2019-11-15', 'ABIERTA', 18755297);
INSERT INTO TIMESHEET(ID, INITDATE, ENDDATE, STATUS, FK_EMPLOYEE) VALUES (1395147015112019, '2019-11-01', '2019-11-15', 'ABIERTA', 13951470);
INSERT INTO TIMESHEET(ID, INITDATE, ENDDATE, STATUS, FK_EMPLOYEE) VALUES (668192415112019, '2019-11-01', '2019-11-15', 'ABIERTA', 6681924);
INSERT INTO TIMESHEET(ID, INITDATE, ENDDATE, STATUS, FK_EMPLOYEE) VALUES (1575795215112019, '2019-11-01', '2019-11-15', 'ABIERTA', 15757952);
INSERT INTO TIMESHEET(ID, INITDATE, ENDDATE, STATUS, FK_EMPLOYEE) VALUES (1458451015112019, '2019-11-01', '2019-11-15', 'ABIERTA', 14584510);
INSERT INTO TIMESHEET(ID, INITDATE, ENDDATE, STATUS, FK_EMPLOYEE) VALUES (691248315112019, '2019-11-01', '2019-11-15', 'ABIERTA', 6912483);

----------------------------TIMESHEET------------------------------