
----------------------------EMPLEADOS------------------------------

INSERT INTO EMPLOYEE(ID, WORKERID, FIRSTNAME, LASTNAME, EMAIL, PASSWORD, STATUS) VALUES (24905429, '0024905429', 'Libexis', 'Bencomo', 'lpbe@hp-sc.net', '25D55AD283AA400AF464C76D713C07AD',1); --password: 12345678--
INSERT INTO EMPLOYEE(ID, WORKERID, FIRSTNAME, LASTNAME, EMAIL, PASSWORD, STATUS) VALUES (18814516, '0018814516', 'Jose', 'Rodríguez', 'jrrl@hp-sc.net', '25D55AD283AA400AF464C76D713C07AD',1);
INSERT INTO EMPLOYEE(ID, WORKERID, FIRSTNAME, LASTNAME, EMAIL, PASSWORD, STATUS) VALUES (26022289, '0026022289', 'Freddy', 'Serrano', 'fdsp@hp-sc.net', '25D55AD283AA400AF464C76D713C07AD',1);
INSERT INTO EMPLOYEE(ID, WORKERID, FIRSTNAME, LASTNAME, EMAIL, PASSWORD, STATUS) VALUES (19513360, '0019513360', 'Andrés', 'Maya', 'amca@hp-sc.net', '25D55AD283AA400AF464C76D713C07AD',1);
INSERT INTO EMPLOYEE(ID, WORKERID, FIRSTNAME, LASTNAME, EMAIL, PASSWORD, STATUS) VALUES (19508672, '0019508672', 'Darwin', 'Carcamo', 'drca@hp-sc.net', '25D55AD283AA400AF464C76D713C07AD',1);
INSERT INTO EMPLOYEE(ID, WORKERID, FIRSTNAME, LASTNAME, EMAIL, PASSWORD, STATUS) VALUES (26252660, '0026252660', 'Aaron', 'Berna', 'ajbe@hp-sc.net', '25D55AD283AA400AF464C76D713C07AD',1);
INSERT INTO EMPLOYEE(ID, WORKERID, FIRSTNAME, LASTNAME, EMAIL, PASSWORD, STATUS) VALUES (20364006, '0020364006', 'Erick', 'Carvalho', 'ebcr@hp-sc.net', '25D55AD283AA400AF464C76D713C07AD',1);
INSERT INTO EMPLOYEE(ID, WORKERID, FIRSTNAME, LASTNAME, EMAIL, PASSWORD, STATUS) VALUES (11707805, '0011707805', 'Suleida', 'Cabezas', 'sccm@hp-sc.net', '25D55AD283AA400AF464C76D713C07AD',1);
INSERT INTO EMPLOYEE(ID, WORKERID, FIRSTNAME, LASTNAME, EMAIL, PASSWORD, STATUS) VALUES (8330555, '008330555', 'José', 'De Quintal', 'jmdg@hp-sc.net', '25D55AD283AA400AF464C76D713C07AD',1);
INSERT INTO EMPLOYEE(ID, WORKERID, FIRSTNAME, LASTNAME, EMAIL, PASSWORD, STATUS) VALUES (17726799, '0017726799', 'Johanna', 'Pereira', 'jpga@hp-sc.net', '25D55AD283AA400AF464C76D713C07AD',1);
INSERT INTO EMPLOYEE(ID, WORKERID, FIRSTNAME, LASTNAME, EMAIL, PASSWORD, STATUS) VALUES (23107018, '0023107018', 'Johnny', 'Rojas', 'jrrg@hp-sc.net', '25D55AD283AA400AF464C76D713C07AD',1);
INSERT INTO EMPLOYEE(ID, WORKERID, FIRSTNAME, LASTNAME, EMAIL, PASSWORD, STATUS) VALUES (10067739, '0010067739', 'Alberto', 'Castro', 'acca@hp-sc.net', '25D55AD283AA400AF464C76D713C07AD',1);
INSERT INTO EMPLOYEE(ID, WORKERID, FIRSTNAME, LASTNAME, EMAIL, PASSWORD, STATUS) VALUES (19653110, '0019653110', 'Endgel', 'Hurtado', 'ehca@hp-sc.net', '25D55AD283AA400AF464C76D713C07AD',1);
INSERT INTO EMPLOYEE(ID, WORKERID, FIRSTNAME, LASTNAME, EMAIL, PASSWORD, STATUS) VALUES (12382831, '0012382831', 'Reina', 'Montero', 'rjmi@hp-sc.net', '25D55AD283AA400AF464C76D713C07AD',1);
INSERT INTO EMPLOYEE(ID, WORKERID, FIRSTNAME, LASTNAME, EMAIL, PASSWORD, STATUS) VALUES (6264181, '006264181', 'Adonai', 'Rondon', 'arpa@hp-sc.net', '25D55AD283AA400AF464C76D713C07AD',1);
INSERT INTO EMPLOYEE(ID, WORKERID, FIRSTNAME, LASTNAME, EMAIL, PASSWORD, STATUS) VALUES (25001947, '0025001947', 'Jason', 'Luque', 'jsls@hp-sc.net', '25D55AD283AA400AF464C76D713C07AD',1);
INSERT INTO EMPLOYEE(ID, WORKERID, FIRSTNAME, LASTNAME, EMAIL, PASSWORD, STATUS) VALUES (18499275, '0018499275', 'Ángel', 'Molina', 'aemv@hp-sc.net', '25D55AD283AA400AF464C76D713C07AD',1);
INSERT INTO EMPLOYEE(ID, WORKERID, FIRSTNAME, LASTNAME, EMAIL, PASSWORD, STATUS) VALUES (19276829, '0019276829', 'Edder', 'Rodríguez', 'earz@hp-sc.net', '25D55AD283AA400AF464C76D713C07AD',1);
INSERT INTO EMPLOYEE(ID, WORKERID, FIRSTNAME, LASTNAME, EMAIL, PASSWORD, STATUS) VALUES (15761618, '0015761618', 'Rafael', 'Ramírez', 'rrle@hp-sc.net', '25D55AD283AA400AF464C76D713C07AD',1);
INSERT INTO EMPLOYEE(ID, WORKERID, FIRSTNAME, LASTNAME, EMAIL, PASSWORD, STATUS) VALUES (18829206, '0018829206', 'Michel', 'Díaz', 'madc@hp-sc.net', '25D55AD283AA400AF464C76D713C07AD',1);
INSERT INTO EMPLOYEE(ID, WORKERID, FIRSTNAME, LASTNAME, EMAIL, PASSWORD, STATUS) VALUES (84489333, '0084489333', 'Saúl', 'Achinte', 'salo@hp-sc.net', '25D55AD283AA400AF464C76D713C07AD',1);
INSERT INTO EMPLOYEE(ID, WORKERID, FIRSTNAME, LASTNAME, EMAIL, PASSWORD, STATUS) VALUES (27660295, '0027660295', 'Andrés', 'Ascanio', 'aalo@hp-sc.net', '25D55AD283AA400AF464C76D713C07AD',1);
INSERT INTO EMPLOYEE(ID, WORKERID, FIRSTNAME, LASTNAME, EMAIL, PASSWORD, STATUS) VALUES (17384657, '0017384657', 'Luis', 'Nogueira', 'lnor@hp-sc.net', '25D55AD283AA400AF464C76D713C07AD',1);
INSERT INTO EMPLOYEE(ID, WORKERID, FIRSTNAME, LASTNAME, EMAIL, PASSWORD, STATUS) VALUES (12112834, '0012112834', 'Douglas', 'Villamizar', 'devd@hp-sc.net', '25D55AD283AA400AF464C76D713C07AD',1);
INSERT INTO EMPLOYEE(ID, WORKERID, FIRSTNAME, LASTNAME, EMAIL, PASSWORD, STATUS) VALUES (19649388, '0019649388', 'Vanessa', 'Rodríguez', 'vjru@hp-sc.net', '25D55AD283AA400AF464C76D713C07AD',1);
INSERT INTO EMPLOYEE(ID, WORKERID, FIRSTNAME, LASTNAME, EMAIL, PASSWORD, STATUS) VALUES (20096150, '0020096150', 'Freddy', 'Moreno', 'fmme@hp-sc.net', '25D55AD283AA400AF464C76D713C07AD',1);
INSERT INTO EMPLOYEE(ID, WORKERID, FIRSTNAME, LASTNAME, EMAIL, PASSWORD, STATUS) VALUES (6124014, '0006124014', 'Alexis', 'Figueroa', 'afnu@hp-sc.net', '25D55AD283AA400AF464C76D713C07AD',1);
INSERT INTO EMPLOYEE(ID, WORKERID, FIRSTNAME, LASTNAME, EMAIL, PASSWORD, STATUS) VALUES (25210931, '0025210931', 'Elimar', 'Camacho', '@hp-sc.net', '25D55AD283AA400AF464C76D713C07AD',1);
INSERT INTO EMPLOYEE(ID, WORKERID, FIRSTNAME, LASTNAME, EMAIL, PASSWORD, STATUS) VALUES (22560774, '0022560774', 'Oswaldo', 'Ortega', 'ojom@hp-sc.net', '25D55AD283AA400AF464C76D713C07AD',1);
INSERT INTO EMPLOYEE(ID, WORKERID, FIRSTNAME, LASTNAME, EMAIL, PASSWORD, STATUS) VALUES (23707143, '0023707143', 'Escala', 'Vásquez', 'eova@hp-sc.net', '25D55AD283AA400AF464C76D713C07AD',1);
INSERT INTO EMPLOYEE(ID, WORKERID, FIRSTNAME, LASTNAME, EMAIL, PASSWORD, STATUS) VALUES (15342722, '0015342722', 'Yoselky', 'Moreira', 'ayml@hp-sc.net', '25D55AD283AA400AF464C76D713C07AD', 1);
INSERT INTO EMPLOYEE(ID, WORKERID, FIRSTNAME, LASTNAME, EMAIL, PASSWORD, STATUS) VALUES (13951470, '0013951470', 'Abraham', 'González', 'ajgo@hp-sc.net', '25D55AD283AA400AF464C76D713C07AD',1); 
INSERT INTO EMPLOYEE(ID, WORKERID, FIRSTNAME, LASTNAME, EMAIL, PASSWORD, STATUS) VALUES (24288638, '0024288638', 'Mariana', 'Bastidas', 'mabr@hp-sc.net', '25D55AD283AA400AF464C76D713C07AD',1);
INSERT INTO EMPLOYEE(ID, WORKERID, FIRSTNAME, LASTNAME, EMAIL, PASSWORD, STATUS) VALUES (19257276, '0019257276', 'Gerardo', 'Bello', 'gabv@hp-sc.net', '25D55AD283AA400AF464C76D713C07AD',1);
INSERT INTO EMPLOYEE(ID, WORKERID, FIRSTNAME, LASTNAME, EMAIL, PASSWORD, STATUS) VALUES (10869017, '0010869017', 'Reina', 'Blanco', 'rlbl@hp-sc.net', '25D55AD283AA400AF464C76D713C07AD',1);
INSERT INTO EMPLOYEE(ID, WORKERID, FIRSTNAME, LASTNAME, EMAIL, PASSWORD, STATUS) VALUES (9960226, '0009960226', 'Cleudy', 'Albornoz', 'csao@hp-sc.net', '25D55AD283AA400AF464C76D713C07AD',1);
INSERT INTO EMPLOYEE(ID, WORKERID, FIRSTNAME, LASTNAME, EMAIL, PASSWORD, STATUS) VALUES (10111300, '0010111300', 'Valentín', 'Carrillo', 'vrcy@hp-sc.net', '25D55AD283AA400AF464C76D713C07AD',1);
INSERT INTO EMPLOYEE(ID, WORKERID, FIRSTNAME, LASTNAME, EMAIL, PASSWORD, STATUS) VALUES (3918063, '0003918063', 'Carlos', 'Herrera', 'cahl@hp-sc.net', '25D55AD283AA400AF464C76D713C07AD',1);
INSERT INTO EMPLOYEE(ID, WORKERID, FIRSTNAME, LASTNAME, EMAIL, PASSWORD, STATUS) VALUES (14390299, '0014390299', 'José', 'Torres', 'jltg@hp-sc.net', '25D55AD283AA400AF464C76D713C07AD',1);
INSERT INTO EMPLOYEE(ID, WORKERID, FIRSTNAME, LASTNAME, EMAIL, PASSWORD, STATUS) VALUES (10824338, '0010824338', 'Ana', 'Dávila', 'addp@hp-sc.net', '25D55AD283AA400AF464C76D713C07AD',1);
INSERT INTO EMPLOYEE(ID, WORKERID, FIRSTNAME, LASTNAME, EMAIL, PASSWORD, STATUS) VALUES (17967496, '0017967496', 'Aharon', 'Alvarado', 'aaap@hp-sc.net', '25D55AD283AA400AF464C76D713C07AD',1);
INSERT INTO EMPLOYEE(ID, WORKERID, FIRSTNAME, LASTNAME, EMAIL, PASSWORD, STATUS) VALUES (81972299, '0081972299', 'Maria', 'Rendeiro', 'mlrh@hp-sc.net', '25D55AD283AA400AF464C76D713C07AD',1);
INSERT INTO EMPLOYEE(ID, WORKERID, FIRSTNAME, LASTNAME, EMAIL, PASSWORD, STATUS) VALUES (20841750, '0020841750', 'Lorna', 'Perfeto', 'lepy@hp-sc.net', '25D55AD283AA400AF464C76D713C07AD',1);
INSERT INTO EMPLOYEE(ID, WORKERID, FIRSTNAME, LASTNAME, EMAIL, PASSWORD, STATUS) VALUES (18755297, '0018755297', 'Juan', 'Gutiérrez', 'jjgf@hp-sc.net', '25D55AD283AA400AF464C76D713C07AD',1);
INSERT INTO EMPLOYEE(ID, WORKERID, FIRSTNAME, LASTNAME, EMAIL, PASSWORD, STATUS) VALUES (15505046, '0015505046', 'Jesse', 'Mijares', 'jamh@hp-sc.net', '25D55AD283AA400AF464C76D713C07AD',1);
INSERT INTO EMPLOYEE(ID, WORKERID, FIRSTNAME, LASTNAME, EMAIL, PASSWORD, STATUS) VALUES (11405241, '0011405241', 'Ángel', 'Álvarez', 'amac@hp-sc.net', '25D55AD283AA400AF464C76D713C07AD',1);
INSERT INTO EMPLOYEE(ID, WORKERID, FIRSTNAME, LASTNAME, EMAIL, PASSWORD, STATUS) VALUES (17454041, '0017454041', 'Yudervy', 'Torres', 'ycgo@hp-sc.net', '25D55AD283AA400AF464C76D713C07AD',1);
INSERT INTO EMPLOYEE(ID, WORKERID, FIRSTNAME, LASTNAME, EMAIL, PASSWORD, STATUS) VALUES (11591083, '0011591083', 'Milva', 'Cortés', 'mtct@hp-sc.net', '25D55AD283AA400AF464C76D713C07AD',1);
INSERT INTO EMPLOYEE(ID, WORKERID, FIRSTNAME, LASTNAME, EMAIL, PASSWORD, STATUS) VALUES (14173304, '0014173304', 'Darieles', 'Cabello', 'dacb@hp-sc.net', '25D55AD283AA400AF464C76D713C07AD',1);
INSERT INTO EMPLOYEE(ID, WORKERID, FIRSTNAME, LASTNAME, EMAIL, PASSWORD, STATUS) VALUES (15441042, '0015441042', 'Jorge', 'Frías', 'jefm@hp-sc.net', '25D55AD283AA400AF464C76D713C07AD',1);
INSERT INTO EMPLOYEE(ID, WORKERID, FIRSTNAME, LASTNAME, EMAIL, PASSWORD, STATUS) VALUES (14472850, '0014472850', 'Norelis', 'Perdomo', 'nmpr@hp-sc.net', '25D55AD283AA400AF464C76D713C07AD',1);
INSERT INTO EMPLOYEE(ID, WORKERID, FIRSTNAME, LASTNAME, EMAIL, PASSWORD, STATUS) VALUES (15757952, '0015757952', 'Yaisy', 'Baron', 'ymbs@hp-sc.net', '25D55AD283AA400AF464C76D713C07AD',1);
INSERT INTO EMPLOYEE(ID, WORKERID, FIRSTNAME, LASTNAME, EMAIL, PASSWORD, STATUS) VALUES (11405288, '0011405288', 'Antonio', 'Martineau', 'ajmg@hp-sc.net', '25D55AD283AA400AF464C76D713C07AD',1);
INSERT INTO EMPLOYEE(ID, WORKERID, FIRSTNAME, LASTNAME, EMAIL, PASSWORD, STATUS) VALUES (19367158, '19367158', 'Greisly', 'Belisario', 'gcbcjltg@hp-sc.net', '25D55AD283AA400AF464C76D713C07AD',1);
INSERT INTO EMPLOYEE(ID, WORKERID, FIRSTNAME, LASTNAME, EMAIL, PASSWORD, STATUS) VALUES (26022809, '0026022809', 'Rosbely', 'Blanco', 'rybn@hp-sc.net', '25D55AD283AA400AF464C76D713C07AD',1);
INSERT INTO EMPLOYEE(ID, WORKERID, FIRSTNAME, LASTNAME, EMAIL, PASSWORD, STATUS) VALUES (25213296, '0025213296', 'Yubisay', 'Tovar', 'yltg@hp-sc.net', '25D55AD283AA400AF464C76D713C07AD',1);
INSERT INTO EMPLOYEE(ID, WORKERID, FIRSTNAME, LASTNAME, EMAIL, PASSWORD, STATUS) VALUES (28100840, '0028100840', 'Leonelvis', 'Mosqueda', 'lyme@hp-sc.net', '25D55AD283AA400AF464C76D713C07AD',1);
INSERT INTO EMPLOYEE(ID, WORKERID, FIRSTNAME, LASTNAME, EMAIL, PASSWORD, STATUS) VALUES (22493345, '0022493345', 'Lucy', 'Pimentel', 'lvpj@hp-sc.net', '25D55AD283AA400AF464C76D713C07AD',1);
INSERT INTO EMPLOYEE(ID, WORKERID, FIRSTNAME, LASTNAME, EMAIL, PASSWORD, STATUS) VALUES (18330464, '0018330464', 'Judith', 'Fernandes', 'jcfb@hp-sc.net', '25D55AD283AA400AF464C76D713C07AD',1);
INSERT INTO EMPLOYEE(ID, WORKERID, FIRSTNAME, LASTNAME, EMAIL, PASSWORD, STATUS) VALUES (6912483, '0006912483', 'Luis', 'Gondelles', 'luis.gondelles@hp-sc.net', '25D55AD283AA400AF464C76D713C07AD',1);

----------------------------EMPLEADOS------------------------------

-----------------------------CARGOS--------------------------------

INSERT INTO POSITION(NAME) VALUES ('Sin cargo');
INSERT INTO POSITION(NAME) VALUES ('Agente de Call Center');
INSERT INTO POSITION(NAME) VALUES ('Analista Administrativo');
INSERT INTO POSITION(NAME) VALUES ('Analista Contable');
INSERT INTO POSITION(NAME) VALUES ('Analista de Formación y Desarrollo');
INSERT INTO POSITION(NAME) VALUES ('Analista de Monitorio');
INSERT INTO POSITION(NAME) VALUES ('Analista de Servicios I');
INSERT INTO POSITION(NAME) VALUES ('Analista de Talento Humano');
INSERT INTO POSITION(NAME) VALUES ('Auxiliar de Aseo y Cafetería');
INSERT INTO POSITION(NAME) VALUES ('Contralor de Gestión');
INSERT INTO POSITION(NAME) VALUES ('Coordinador de Almacenamiento de Datos');
INSERT INTO POSITION(NAME) VALUES ('Coordinador de Soporte');
INSERT INTO POSITION(NAME) VALUES ('Coordinador de Implementación');
INSERT INTO POSITION(NAME) VALUES ('Ejecutiva de Cuenta');
INSERT INTO POSITION(NAME) VALUES ('Especialista de Organización y Métodos');
INSERT INTO POSITION(NAME) VALUES ('Gerente de Administración');
INSERT INTO POSITION(NAME) VALUES ('Gerente Calidad y Mejora Contínua');
INSERT INTO POSITION(NAME) VALUES ('Gerente de Operaciones');
INSERT INTO POSITION(NAME) VALUES ('Gerente de Proyectos');
INSERT INTO POSITION(NAME) VALUES ('Gerente de Talento Humano');
INSERT INTO POSITION(NAME) VALUES ('Gestor de Proveedores');
INSERT INTO POSITION(NAME) VALUES ('Ingeniero de Campo');
INSERT INTO POSITION(NAME) VALUES ('Jefe de Taller');
INSERT INTO POSITION(NAME) VALUES ('Mensajero');
INSERT INTO POSITION(NAME) VALUES ('Recepcionista');
INSERT INTO POSITION(NAME) VALUES ('Supervisor de Aliados');
INSERT INTO POSITION(NAME) VALUES ('Supervisor de Soporte');
INSERT INTO POSITION(NAME) VALUES ('Support Delivery Manager');
INSERT INTO POSITION(NAME) VALUES ('Técnico de Área de Atención de Soporte');
INSERT INTO POSITION(NAME) VALUES ('Director');

-----------------------------CARGOS--------------------------------

---------------------UNIDAD ORGANIZACIONAL-------------------------

INSERT INTO ORGANIZATIONAL_UNIT(NAME, FK_EMPLOYEE) VALUES ('Sin unidad', NULL);
INSERT INTO ORGANIZATIONAL_UNIT(NAME, FK_EMPLOYEE) VALUES ('Proyectos', 8330555);
INSERT INTO ORGANIZATIONAL_UNIT(NAME, FK_EMPLOYEE) VALUES ('Administración', 10869017);
INSERT INTO ORGANIZATIONAL_UNIT(NAME, FK_EMPLOYEE) VALUES ('Operaciones', 11405288);
INSERT INTO ORGANIZATIONAL_UNIT(NAME, FK_EMPLOYEE) VALUES ('Directiva', 6912483);
INSERT INTO ORGANIZATIONAL_UNIT(NAME, FK_EMPLOYEE) VALUES ('Contraloría', 9960226);

---------------------UNIDAD ORGANIZACIONAL-------------------------

--------------------------ASIGNACIONES-----------------------------
--Administración--
INSERT INTO ASSIGNMENT(FK_POSITION, FK_ORGANIZATIONALUNIT, FK_EMPLOYEE) VALUES (15, 3, 15342722);
INSERT INTO ASSIGNMENT(FK_POSITION, FK_ORGANIZATIONALUNIT, FK_EMPLOYEE) VALUES (19, 3, 10869017);
INSERT INTO ASSIGNMENT(FK_POSITION, FK_ORGANIZATIONALUNIT, FK_EMPLOYEE) VALUES (23, 3, 10111300);
INSERT INTO ASSIGNMENT(FK_POSITION, FK_ORGANIZATIONALUNIT, FK_EMPLOYEE) VALUES (16, 3, 3918063);
INSERT INTO ASSIGNMENT(FK_POSITION, FK_ORGANIZATIONALUNIT, FK_EMPLOYEE) VALUES (7, 3, 17454041);
INSERT INTO ASSIGNMENT(FK_POSITION, FK_ORGANIZATIONALUNIT, FK_EMPLOYEE) VALUES (14, 3, 11591083);
INSERT INTO ASSIGNMENT(FK_POSITION, FK_ORGANIZATIONALUNIT, FK_EMPLOYEE) VALUES (8, 3, 14173304);
INSERT INTO ASSIGNMENT(FK_POSITION, FK_ORGANIZATIONALUNIT, FK_EMPLOYEE) VALUES (2, 3, 19367158);
INSERT INTO ASSIGNMENT(FK_POSITION, FK_ORGANIZATIONALUNIT, FK_EMPLOYEE) VALUES (24, 3, 28100840);
INSERT INTO ASSIGNMENT(FK_POSITION, FK_ORGANIZATIONALUNIT, FK_EMPLOYEE) VALUES (4, 3, 22493345);
INSERT INTO ASSIGNMENT(FK_POSITION, FK_ORGANIZATIONALUNIT, FK_EMPLOYEE) VALUES (3, 3, 18330464);
--Operaciones--
INSERT INTO ASSIGNMENT(FK_POSITION, FK_ORGANIZATIONALUNIT, FK_EMPLOYEE) VALUES (21, 4, 13951470);
INSERT INTO ASSIGNMENT(FK_POSITION, FK_ORGANIZATIONALUNIT, FK_EMPLOYEE) VALUES (6, 4, 24288638);
INSERT INTO ASSIGNMENT(FK_POSITION, FK_ORGANIZATIONALUNIT, FK_EMPLOYEE) VALUES (22, 4, 19257276);
INSERT INTO ASSIGNMENT(FK_POSITION, FK_ORGANIZATIONALUNIT, FK_EMPLOYEE) VALUES (17, 4, 14390299);
INSERT INTO ASSIGNMENT(FK_POSITION, FK_ORGANIZATIONALUNIT, FK_EMPLOYEE) VALUES (13, 4, 81972299);
INSERT INTO ASSIGNMENT(FK_POSITION, FK_ORGANIZATIONALUNIT, FK_EMPLOYEE) VALUES (10, 4, 20841750);
INSERT INTO ASSIGNMENT(FK_POSITION, FK_ORGANIZATIONALUNIT, FK_EMPLOYEE) VALUES (21, 4, 18755297);
INSERT INTO ASSIGNMENT(FK_POSITION, FK_ORGANIZATIONALUNIT, FK_EMPLOYEE) VALUES (21, 4, 15505046);
INSERT INTO ASSIGNMENT(FK_POSITION, FK_ORGANIZATIONALUNIT, FK_EMPLOYEE) VALUES (21, 4, 11405241);
INSERT INTO ASSIGNMENT(FK_POSITION, FK_ORGANIZATIONALUNIT, FK_EMPLOYEE) VALUES (21, 4, 15441042);
INSERT INTO ASSIGNMENT(FK_POSITION, FK_ORGANIZATIONALUNIT, FK_EMPLOYEE) VALUES (12, 4, 14472850);
INSERT INTO ASSIGNMENT(FK_POSITION, FK_ORGANIZATIONALUNIT, FK_EMPLOYEE) VALUES (27, 4, 15757952);
INSERT INTO ASSIGNMENT(FK_POSITION, FK_ORGANIZATIONALUNIT, FK_EMPLOYEE) VALUES (27, 4, 11405288);
INSERT INTO ASSIGNMENT(FK_POSITION, FK_ORGANIZATIONALUNIT, FK_EMPLOYEE) VALUES (6, 4, 26022809);
INSERT INTO ASSIGNMENT(FK_POSITION, FK_ORGANIZATIONALUNIT, FK_EMPLOYEE) VALUES (1, 4, 25213296);
--Proyectos--
INSERT INTO ASSIGNMENT(FK_POSITION, FK_ORGANIZATIONALUNIT, FK_EMPLOYEE) VALUES (5, 2, 24905429);
INSERT INTO ASSIGNMENT(FK_POSITION, FK_ORGANIZATIONALUNIT, FK_EMPLOYEE) VALUES (5, 2, 18814516);
INSERT INTO ASSIGNMENT(FK_POSITION, FK_ORGANIZATIONALUNIT, FK_EMPLOYEE) VALUES (5, 2, 26022289);
INSERT INTO ASSIGNMENT(FK_POSITION, FK_ORGANIZATIONALUNIT, FK_EMPLOYEE) VALUES (5, 2, 19513360);
INSERT INTO ASSIGNMENT(FK_POSITION, FK_ORGANIZATIONALUNIT, FK_EMPLOYEE) VALUES (5, 2, 19508672);
INSERT INTO ASSIGNMENT(FK_POSITION, FK_ORGANIZATIONALUNIT, FK_EMPLOYEE) VALUES (5, 2, 26252660);
INSERT INTO ASSIGNMENT(FK_POSITION, FK_ORGANIZATIONALUNIT, FK_EMPLOYEE) VALUES (26, 2, 20364006);
INSERT INTO ASSIGNMENT(FK_POSITION, FK_ORGANIZATIONALUNIT, FK_EMPLOYEE) VALUES (26, 2, 11707805);
INSERT INTO ASSIGNMENT(FK_POSITION, FK_ORGANIZATIONALUNIT, FK_EMPLOYEE) VALUES (28, 2, 8330555);
INSERT INTO ASSIGNMENT(FK_POSITION, FK_ORGANIZATIONALUNIT, FK_EMPLOYEE) VALUES (28, 2, 17726799);
INSERT INTO ASSIGNMENT(FK_POSITION, FK_ORGANIZATIONALUNIT, FK_EMPLOYEE) VALUES (28, 2, 23107018);
INSERT INTO ASSIGNMENT(FK_POSITION, FK_ORGANIZATIONALUNIT, FK_EMPLOYEE) VALUES (28, 2, 10067739);
INSERT INTO ASSIGNMENT(FK_POSITION, FK_ORGANIZATIONALUNIT, FK_EMPLOYEE) VALUES (28, 2, 19653110);
INSERT INTO ASSIGNMENT(FK_POSITION, FK_ORGANIZATIONALUNIT, FK_EMPLOYEE) VALUES (25, 2, 12382831);
INSERT INTO ASSIGNMENT(FK_POSITION, FK_ORGANIZATIONALUNIT, FK_EMPLOYEE) VALUES (28, 2, 6264181);
INSERT INTO ASSIGNMENT(FK_POSITION, FK_ORGANIZATIONALUNIT, FK_EMPLOYEE) VALUES (28, 2, 25001947);
INSERT INTO ASSIGNMENT(FK_POSITION, FK_ORGANIZATIONALUNIT, FK_EMPLOYEE) VALUES (28, 2, 18499275);
INSERT INTO ASSIGNMENT(FK_POSITION, FK_ORGANIZATIONALUNIT, FK_EMPLOYEE) VALUES (28, 2, 19276829);
INSERT INTO ASSIGNMENT(FK_POSITION, FK_ORGANIZATIONALUNIT, FK_EMPLOYEE) VALUES (28, 2, 15761618);
INSERT INTO ASSIGNMENT(FK_POSITION, FK_ORGANIZATIONALUNIT, FK_EMPLOYEE) VALUES (28, 2, 18829206);
INSERT INTO ASSIGNMENT(FK_POSITION, FK_ORGANIZATIONALUNIT, FK_EMPLOYEE) VALUES (11, 2, 84489333);
INSERT INTO ASSIGNMENT(FK_POSITION, FK_ORGANIZATIONALUNIT, FK_EMPLOYEE) VALUES (28, 2, 27660295);
INSERT INTO ASSIGNMENT(FK_POSITION, FK_ORGANIZATIONALUNIT, FK_EMPLOYEE) VALUES (28, 2, 17384657);
INSERT INTO ASSIGNMENT(FK_POSITION, FK_ORGANIZATIONALUNIT, FK_EMPLOYEE) VALUES (28, 2, 12112834);
INSERT INTO ASSIGNMENT(FK_POSITION, FK_ORGANIZATIONALUNIT, FK_EMPLOYEE) VALUES (28, 2, 19649388);
INSERT INTO ASSIGNMENT(FK_POSITION, FK_ORGANIZATIONALUNIT, FK_EMPLOYEE) VALUES (28, 2, 20096150);
INSERT INTO ASSIGNMENT(FK_POSITION, FK_ORGANIZATIONALUNIT, FK_EMPLOYEE) VALUES (28, 2, 6124014);
INSERT INTO ASSIGNMENT(FK_POSITION, FK_ORGANIZATIONALUNIT, FK_EMPLOYEE) VALUES (20, 2, 25210931);
INSERT INTO ASSIGNMENT(FK_POSITION, FK_ORGANIZATIONALUNIT, FK_EMPLOYEE) VALUES (28, 2, 22560774);
INSERT INTO ASSIGNMENT(FK_POSITION, FK_ORGANIZATIONALUNIT, FK_EMPLOYEE) VALUES (28, 2, 23707143);
--Otros--
INSERT INTO ASSIGNMENT(FK_POSITION, FK_ORGANIZATIONALUNIT, FK_EMPLOYEE) VALUES (9, 6, 9960226);
INSERT INTO ASSIGNMENT(FK_POSITION, FK_ORGANIZATIONALUNIT, FK_EMPLOYEE) VALUES (29, 5, 6912483);

--------------------------ASIGNACIONES-----------------------------

---------------------CUENTAS/CURSOS/PERMISOS-----------------------

INSERT INTO ACCOUNT_COURSE_PERMIT(ID, NAME, TYPE, INITDATE, ENDDATE, STATUS, FK_EMPLOYEE) VALUES ('PRO-MON001', 'Proyecto MON', 1, '2017-06-16', null, 1, 10869017);
INSERT INTO ACCOUNT_COURSE_PERMIT(ID, NAME, TYPE, INITDATE, ENDDATE, STATUS, FK_EMPLOYEE) VALUES ('PRO-TEL001', 'Proyecto TEL', 1, null, null, 1, 11405288);
INSERT INTO ACCOUNT_COURSE_PERMIT(ID, NAME, TYPE, INITDATE, ENDDATE, STATUS, FK_EMPLOYEE) VALUES ('PROSVP001', 'Proyecto SVP', 1, null, null, 1, 10869017);
INSERT INTO ACCOUNT_COURSE_PERMIT(ID, NAME, TYPE, INITDATE, ENDDATE, STATUS, FK_EMPLOYEE) VALUES ('CUS-PLR001', 'Curso PL', 2, '2017-01-15', null, 1, 11405288);
INSERT INTO ACCOUNT_COURSE_PERMIT(ID, NAME, TYPE, INITDATE, ENDDATE, STATUS, FK_EMPLOYEE) VALUES ('PRO-BBV001', 'Proyecto BBV', 1, null, null, 1, 10869017);
INSERT INTO ACCOUNT_COURSE_PERMIT(ID, NAME, TYPE, INITDATE, ENDDATE, STATUS, FK_EMPLOYEE) VALUES ('MPS-COC001', 'Cuenta COC', 1, '2016-08-15', null, 1, 8330555);
INSERT INTO ACCOUNT_COURSE_PERMIT(ID, NAME, TYPE, INITDATE, ENDDATE, STATUS, FK_EMPLOYEE) VALUES ('MPS-BPL001', 'Cuenta BPL', 1, '2017-04-05', null, 1, 8330555);
INSERT INTO ACCOUNT_COURSE_PERMIT(ID, NAME, TYPE, INITDATE, ENDDATE, STATUS, FK_EMPLOYEE) VALUES ('MPS-CDV001', 'Cuenta CDV', 1, '2018-08-25', null, 1, 9960226);
INSERT INTO ACCOUNT_COURSE_PERMIT(ID, NAME, TYPE, INITDATE, ENDDATE, STATUS, FK_EMPLOYEE) VALUES ('MPS-SBN-001', 'Cuenta SBN', 1, '2019-02-10', null, 1, 9960226);
INSERT INTO ACCOUNT_COURSE_PERMIT(ID, NAME, TYPE, INITDATE, ENDDATE, STATUS, FK_EMPLOYEE) VALUES ('HPS-TSH001', 'Cuenta HPSTSH', 1, '2019-02-10', '2020-12-01', 1, 9960226);
INSERT INTO ACCOUNT_COURSE_PERMIT(ID, NAME, TYPE, INITDATE, ENDDATE, STATUS, FK_EMPLOYEE) VALUES ('HPE-PRS001', 'Cuenta HPEPRS', 1, '2017-07-29', null, 1, 8330555);
INSERT INTO ACCOUNT_COURSE_PERMIT(ID, NAME, TYPE, INITDATE, ENDDATE, STATUS, FK_EMPLOYEE) VALUES ('CUS-MER001', 'Curso MER', 2, null, null, 1, 11405288);
INSERT INTO ACCOUNT_COURSE_PERMIT(ID, NAME, TYPE, INITDATE, ENDDATE, STATUS, FK_EMPLOYEE) VALUES ('CUS-REG001', 'Curso REG', 2, null, null, 1, 11405288);
INSERT INTO ACCOUNT_COURSE_PERMIT(ID, NAME, TYPE, INITDATE, ENDDATE, STATUS, FK_EMPLOYEE) VALUES ('CUS-NOK002', 'Curso NOK', 2, null, null, 1, 11405288);
INSERT INTO ACCOUNT_COURSE_PERMIT(ID, NAME, TYPE, INITDATE, ENDDATE, STATUS, FK_EMPLOYEE) VALUES ('PRO-HBT001', 'Proyecto HBT', 1, '2015-11-07', '2019-10-10', 1, 8330555);
INSERT INTO ACCOUNT_COURSE_PERMIT(ID, NAME, TYPE, INITDATE, ENDDATE, STATUS, FK_EMPLOYEE) VALUES ('CUS-VEN002', 'Proyecto HBT', 1, '2015-11-07', '2019-11-21', 1, 8330555);
INSERT INTO ACCOUNT_COURSE_PERMIT(ID, NAME, TYPE, INITDATE, ENDDATE, STATUS, FK_EMPLOYEE) VALUES ('INS-CAF001', 'Cuenta CAF', 1, '2019-05-15', null, 1, 9960226);
INSERT INTO ACCOUNT_COURSE_PERMIT(ID, NAME, TYPE, INITDATE, ENDDATE, STATUS, FK_EMPLOYEE) VALUES ('PRO-CMD001', 'Cuenta SBN', 1, '2019-02-10', null, 1, 9960226);
INSERT INTO ACCOUNT_COURSE_PERMIT(ID, NAME, TYPE, INITDATE, ENDDATE, STATUS, FK_EMPLOYEE) VALUES ('CUS-BPLTEM', 'Curso BPL', 2, null, null, 1, 9960226);
INSERT INTO ACCOUNT_COURSE_PERMIT(ID, NAME, TYPE, INITDATE, ENDDATE, STATUS, FK_EMPLOYEE) VALUES ('PRO-PLR-001', 'Proyecto PLR', 1, '2015-06-04', null, 1, 8330555);
INSERT INTO ACCOUNT_COURSE_PERMIT(ID, NAME, TYPE, INITDATE, ENDDATE, STATUS, FK_EMPLOYEE) VALUES ('VAC-001', 'Vacacaiones', 2, null, null, 1, 10869017);
INSERT INTO ACCOUNT_COURSE_PERMIT(ID, NAME, TYPE, INITDATE, ENDDATE, STATUS, FK_EMPLOYEE) VALUES ('PNR-001', 'Permiso Remunerado', 2, null, null, 1, 10869017);
INSERT INTO ACCOUNT_COURSE_PERMIT(ID, NAME, TYPE, INITDATE, ENDDATE, STATUS, FK_EMPLOYEE) VALUES ('PRM-001', 'Permiso No Remunerado', 2, null, null, 1, 10869017);

---------------------CUENTAS/CURSOS/PERMISOS-----------------------

---------------------------COST CENTER-----------------------------

INSERT INTO COST_CENTER(FK_ORGANIZATIONALUNIT,FK_ACCOUNTCOURSEPERMIT) VALUES (2, 'MPS-COC001');
INSERT INTO COST_CENTER(FK_ORGANIZATIONALUNIT,FK_ACCOUNTCOURSEPERMIT) VALUES (2, 'MPS-BPL001');
INSERT INTO COST_CENTER(FK_ORGANIZATIONALUNIT,FK_ACCOUNTCOURSEPERMIT) VALUES (2, 'HPE-PRS001');
INSERT INTO COST_CENTER(FK_ORGANIZATIONALUNIT,FK_ACCOUNTCOURSEPERMIT) VALUES (2, 'PRO-HBT001');
INSERT INTO COST_CENTER(FK_ORGANIZATIONALUNIT,FK_ACCOUNTCOURSEPERMIT) VALUES (2, 'CUS-VEN002');
INSERT INTO COST_CENTER(FK_ORGANIZATIONALUNIT,FK_ACCOUNTCOURSEPERMIT) VALUES (2, 'PRO-PLR-001');
INSERT INTO COST_CENTER(FK_ORGANIZATIONALUNIT,FK_ACCOUNTCOURSEPERMIT) VALUES (3, 'PRO-MON001');
INSERT INTO COST_CENTER(FK_ORGANIZATIONALUNIT,FK_ACCOUNTCOURSEPERMIT) VALUES (3, 'PROSVP001');
INSERT INTO COST_CENTER(FK_ORGANIZATIONALUNIT,FK_ACCOUNTCOURSEPERMIT) VALUES (3, 'PRO-BBV001');
INSERT INTO COST_CENTER(FK_ORGANIZATIONALUNIT,FK_ACCOUNTCOURSEPERMIT) VALUES (3, 'VAC-001');
INSERT INTO COST_CENTER(FK_ORGANIZATIONALUNIT,FK_ACCOUNTCOURSEPERMIT) VALUES (3, 'PNR-001');
INSERT INTO COST_CENTER(FK_ORGANIZATIONALUNIT,FK_ACCOUNTCOURSEPERMIT) VALUES (2, 'PRM-001');
INSERT INTO COST_CENTER(FK_ORGANIZATIONALUNIT,FK_ACCOUNTCOURSEPERMIT) VALUES (4, 'PRO-TEL001');
INSERT INTO COST_CENTER(FK_ORGANIZATIONALUNIT,FK_ACCOUNTCOURSEPERMIT) VALUES (4, 'CUS-PLR001');
INSERT INTO COST_CENTER(FK_ORGANIZATIONALUNIT,FK_ACCOUNTCOURSEPERMIT) VALUES (4, 'CUS-MER001');
INSERT INTO COST_CENTER(FK_ORGANIZATIONALUNIT,FK_ACCOUNTCOURSEPERMIT) VALUES (4, 'CUS-REG001');
INSERT INTO COST_CENTER(FK_ORGANIZATIONALUNIT,FK_ACCOUNTCOURSEPERMIT) VALUES (4, 'CUS-NOK002');
INSERT INTO COST_CENTER(FK_ORGANIZATIONALUNIT,FK_ACCOUNTCOURSEPERMIT) VALUES (6, 'MPS-CDV001');
INSERT INTO COST_CENTER(FK_ORGANIZATIONALUNIT,FK_ACCOUNTCOURSEPERMIT) VALUES (6, 'MPS-SBN-001');
INSERT INTO COST_CENTER(FK_ORGANIZATIONALUNIT,FK_ACCOUNTCOURSEPERMIT) VALUES (6, 'HPS-TSH001');
INSERT INTO COST_CENTER(FK_ORGANIZATIONALUNIT,FK_ACCOUNTCOURSEPERMIT) VALUES (6, 'INS-CAF001');
INSERT INTO COST_CENTER(FK_ORGANIZATIONALUNIT,FK_ACCOUNTCOURSEPERMIT) VALUES (6, 'PRO-CMD001');
INSERT INTO COST_CENTER(FK_ORGANIZATIONALUNIT,FK_ACCOUNTCOURSEPERMIT) VALUES (6, 'CUS-BPLTEM');

---------------------------COST CENTER-----------------------------