INSERT INTO POSITION(NAME) VALUES ('Sin cargo');
INSERT INTO POSITION(NAME) VALUES ('Analista Administrativo');
INSERT INTO POSITION(NAME) VALUES ('Analista de Call Center');
INSERT INTO POSITION(NAME) VALUES ('Analista Contable');
INSERT INTO POSITION(NAME) VALUES ('Analista de Monitorio');
INSERT INTO POSITION(NAME) VALUES ('Analista de Servicios I');
INSERT INTO POSITION(NAME) VALUES ('Analista de Formación y Desarrollo');
INSERT INTO POSITION(NAME) VALUES ('Analista de Talento Humano');
INSERT INTO POSITION(NAME) VALUES ('Auxiliar de Aseo y Cafetería');
INSERT INTO POSITION(NAME) VALUES ('Contralor de Gestión');
INSERT INTO POSITION(NAME) VALUES ('Contralor de Soporte');
INSERT INTO POSITION(NAME) VALUES ('Coordinador de Almacenamiento de Datos');
INSERT INTO POSITION(NAME) VALUES ('Coordinador de Implementación');
INSERT INTO POSITION(NAME) VALUES ('Ejecutiva de Cuenta');
INSERT INTO POSITION(NAME) VALUES ('Especialista de Organización y Métodos');
INSERT INTO POSITION(NAME) VALUES ('Gerente de Administración');
INSERT INTO POSITION(NAME) VALUES ('Gerente Calidad y Mejora Contínua');
INSERT INTO POSITION(NAME) VALUES ('Gerente de Operaciones');
INSERT INTO POSITION(NAME) VALUES ('Gerente de Proyectos');
INSERT INTO POSITION(NAME) VALUES ('Gerente de Talento Humano');
INSERT INTO POSITION(NAME) VALUES ('Gestor de Proveedores');
INSERT INTO POSITION(NAME) VALUES ('Ingeniero de Campo');
INSERT INTO POSITION(NAME) VALUES ('Jefe de Taller');
INSERT INTO POSITION(NAME) VALUES ('Mensajero');
INSERT INTO POSITION(NAME) VALUES ('Recepcionista');
INSERT INTO POSITION(NAME) VALUES ('Supervisor de Aliados');
INSERT INTO POSITION(NAME) VALUES ('Supervisor de Soporte');
INSERT INTO POSITION(NAME) VALUES ('Support Delivery Manager');
INSERT INTO POSITION(NAME) VALUES ('Técnico de Área de Atención de Soporte');
INSERT INTO POSITION(NAME) VALUES ('Director');

INSERT INTO ORGANIZATIONAL_UNIT(NAME, FK_EMPLOYEE) VALUES ('Sin unidad', NULL);
INSERT INTO ORGANIZATIONAL_UNIT(NAME, FK_EMPLOYEE) VALUES ('Proyectos', NULL);
INSERT INTO ORGANIZATIONAL_UNIT(NAME, FK_EMPLOYEE) VALUES ('Administración', NULL);
INSERT INTO ORGANIZATIONAL_UNIT(NAME, FK_EMPLOYEE) VALUES ('Operaciones', NULL);
INSERT INTO ORGANIZATIONAL_UNIT(NAME, FK_EMPLOYEE) VALUES ('Directiva', NULL);
INSERT INTO ORGANIZATIONAL_UNIT(NAME, FK_EMPLOYEE) VALUES ('Contraloría', NULL);

INSERT INTO EMPLOYEE(ID, WORKERID, FIRSTNAME, LASTNAME, EMAIL, PASSWORD, STATUS) VALUES (9959162, 'vwxy1234', 'Ramilex', 'Aristeigueta', 'ramilex69@gmail.com', 'CCEE5504C9D889922B101124E9E43B71', 1); --password: hola1234--
INSERT INTO EMPLOYEE(ID, WORKERID, FIRSTNAME, LASTNAME, EMAIL, PASSWORD, STATUS) VALUES (10501881, 'abcd4567', 'Rocío', 'González', 'rocio.06@gmail.com', '25D55AD283AA400AF464C76D713C07AD', 1); --password: 12345678--
INSERT INTO EMPLOYEE(ID, WORKERID, FIRSTNAME, LASTNAME, EMAIL, PASSWORD, STATUS) VALUES (24220210, 'efgh1234', 'Bárbara', 'Fernández', 'bgfa26@gmail.com', '25D55AD283AA400AF464C76D713C07AD', 1); --password: 12345678--
INSERT INTO EMPLOYEE(ID, WORKERID, FIRSTNAME, LASTNAME, EMAIL, PASSWORD, STATUS) VALUES (24773340, 'ABDC1234', 'Luis', 'Pérez', 'luis.alejandro120895@gmail.com', 'F9F299C9FE7AE645AE722D2B2E1965AE', 1); --password: 12345678--

INSERT INTO ASSIGNMENT(FK_POSITION, FK_ORGANIZATIONALUNIT, FK_EMPLOYEE) VALUES (20, 3, 9959162);
INSERT INTO ASSIGNMENT(FK_POSITION, FK_ORGANIZATIONALUNIT, FK_EMPLOYEE) VALUES (19, 4, 10501881);
INSERT INTO ASSIGNMENT(FK_POSITION, FK_ORGANIZATIONALUNIT, FK_EMPLOYEE) VALUES (10, 6, 24220210);

INSERT INTO ACCOUNT_COURSE_PERMIT(ID, NAME, TYPE, INITDATE, ENDDATE, STATUS, FK_EMPLOYEE) VALUES ('C1457', 'Big Data', 1, '2018-04-20', null, 1, 9959162);
INSERT INTO ACCOUNT_COURSE_PERMIT(ID, NAME, TYPE, INITDATE, ENDDATE, STATUS, FK_EMPLOYEE) VALUES ('D1975', 'Procesos', 1, '2018-04-20', '2019-11-15', 1, 10501881);
INSERT INTO ACCOUNT_COURSE_PERMIT(ID, NAME, TYPE, INITDATE, ENDDATE, STATUS, FK_EMPLOYEE) VALUES ('A4444', 'Transformacion Digital', 1, '2018-02-12', '2019-09-18', 1, 24220210);

INSERT INTO TIMESHEET(ID, INITDATE, ENDDATE, STATUS, FK_EMPLOYEE) VALUES (1, '2019-03-16', '2019-03-30', 'ENTREGADA', 9959162);
INSERT INTO TIMESHEET(ID, INITDATE, ENDDATE, STATUS, FK_EMPLOYEE) VALUES (2, '2019-04-01', '2019-04-15', 'ENTREGADA', 9959162);
INSERT INTO TIMESHEET(ID, INITDATE, ENDDATE, STATUS, FK_EMPLOYEE) VALUES (3, '2019-04-16', '2019-04-30', 'ENTREGADA', 9959162);
INSERT INTO TIMESHEET(ID, INITDATE, ENDDATE, STATUS, FK_EMPLOYEE) VALUES (4, '2019-05-01', '2019-05-15', 'ENTREGADA', 9959162);
INSERT INTO TIMESHEET(ID, INITDATE, ENDDATE, STATUS, FK_EMPLOYEE) VALUES (5, '2019-05-16', '2019-05-31', 'ENTREGADA', 9959162);
INSERT INTO TIMESHEET(ID, INITDATE, ENDDATE, STATUS, FK_EMPLOYEE) VALUES (6, '2019-06-01', '2019-06-15', 'ENTREGADA', 9959162);
INSERT INTO TIMESHEET(ID, INITDATE, ENDDATE, STATUS, FK_EMPLOYEE) VALUES (7, '2019-06-16', '2019-06-30', 'ENTREGADA', 9959162);
INSERT INTO TIMESHEET(ID, INITDATE, ENDDATE, STATUS, FK_EMPLOYEE) VALUES (8, '2019-07-01', '2019-07-15', 'ENTREGADA', 9959162);
INSERT INTO TIMESHEET(ID, INITDATE, ENDDATE, STATUS, FK_EMPLOYEE) VALUES (9, '2019-07-16', '2019-07-31', 'ENTREGADA', 9959162);
INSERT INTO TIMESHEET(ID, INITDATE, ENDDATE, STATUS, FK_EMPLOYEE) VALUES (10, '2019-03-16', '2019-03-30', 'ENTREGADA', 10501881);
INSERT INTO TIMESHEET(ID, INITDATE, ENDDATE, STATUS, FK_EMPLOYEE) VALUES (11, '2019-04-01', '2019-04-15', 'ENTREGADA', 10501881);
INSERT INTO TIMESHEET(ID, INITDATE, ENDDATE, STATUS, FK_EMPLOYEE) VALUES (12, '2019-04-16', '2019-04-30', 'ENTREGADA', 10501881);
INSERT INTO TIMESHEET(ID, INITDATE, ENDDATE, STATUS, FK_EMPLOYEE) VALUES (13, '2019-05-01', '2019-05-15', 'ENTREGADA', 10501881);
INSERT INTO TIMESHEET(ID, INITDATE, ENDDATE, STATUS, FK_EMPLOYEE) VALUES (14, '2019-05-16', '2019-05-31', 'ENTREGADA', 10501881);
INSERT INTO TIMESHEET(ID, INITDATE, ENDDATE, STATUS, FK_EMPLOYEE) VALUES (15, '2019-06-01', '2019-06-15', 'ENTREGADA', 10501881);
INSERT INTO TIMESHEET(ID, INITDATE, ENDDATE, STATUS, FK_EMPLOYEE) VALUES (16, '2019-06-16', '2019-06-30', 'ENTREGADA', 10501881);
INSERT INTO TIMESHEET(ID, INITDATE, ENDDATE, STATUS, FK_EMPLOYEE) VALUES (17, '2019-07-01', '2019-07-15', 'ENTREGADA', 10501881);
INSERT INTO TIMESHEET(ID, INITDATE, ENDDATE, STATUS, FK_EMPLOYEE) VALUES (18, '2019-07-16', '2019-07-31', 'ENTREGADA', 10501881);
INSERT INTO TIMESHEET(ID, INITDATE, ENDDATE, STATUS, FK_EMPLOYEE) VALUES (19, '2019-07-01', '2019-07-15', 'ABIERTA', 24773340);

INSERT INTO WORKLOAD(DAY1, DAY2, DAY3, DAY4, DAY5, DAY6, DAY7, DAY8, DAY9, DAY10, DAY11, DAY12, DAY13, DAY14, DAY15, DAY16, FK_TIMESHEET, FK_ACCOUNTCOURSEPERMIT) 
		VALUES (4, 0, 8, 0, 5, 3, 7, 0, 0, 0, 4, 2, 3, 8, 5, 0, 1, 'C1457'); 
INSERT INTO WORKLOAD(DAY1, DAY2, DAY3, DAY4, DAY5, DAY6, DAY7, DAY8, DAY9, DAY10, DAY11, DAY12, DAY13, DAY14, DAY15, DAY16, FK_TIMESHEET, FK_ACCOUNTCOURSEPERMIT) 
		VALUES (1, 1, 0, 2, 1, 5, 1, 6, 3, 1, 0, 4, 2, 0, 1, 0, 1, 'D1975'); 
INSERT INTO WORKLOAD(DAY1, DAY2, DAY3, DAY4, DAY5, DAY6, DAY7, DAY8, DAY9, DAY10, DAY11, DAY12, DAY13, DAY14, DAY15, DAY16, FK_TIMESHEET, FK_ACCOUNTCOURSEPERMIT) 
		VALUES (3, 7, 0, 6, 2, 0, 0, 2, 5, 7, 4, 2, 3, 0, 2, 0, 1, 'A4444'); 
INSERT INTO WORKLOAD(DAY1, DAY2, DAY3, DAY4, DAY5, DAY6, DAY7, DAY8, DAY9, DAY10, DAY11, DAY12, DAY13, DAY14, DAY15, DAY16, FK_TIMESHEET, FK_ACCOUNTCOURSEPERMIT) 
		VALUES (2, 5, 0, 3, 2, 1, 6, 3, 1, 8, 1, 6, 5, 0, 1, 0, 2, 'C1457'); 
INSERT INTO WORKLOAD(DAY1, DAY2, DAY3, DAY4, DAY5, DAY6, DAY7, DAY8, DAY9, DAY10, DAY11, DAY12, DAY13, DAY14, DAY15, DAY16, FK_TIMESHEET, FK_ACCOUNTCOURSEPERMIT) 
		VALUES (3, 1, 4, 2, 1, 5, 1, 5, 3, 0, 3, 2, 2, 4, 4, 0, 2, 'D1975'); 
INSERT INTO WORKLOAD(DAY1, DAY2, DAY3, DAY4, DAY5, DAY6, DAY7, DAY8, DAY9, DAY10, DAY11, DAY12, DAY13, DAY14, DAY15, DAY16, FK_TIMESHEET, FK_ACCOUNTCOURSEPERMIT) 
		VALUES (3, 2, 4, 3, 5, 2, 1, 0, 4, 0, 4, 0, 1, 4, 3, 0, 2, 'A4444'); 
INSERT INTO WORKLOAD(DAY1, DAY2, DAY3, DAY4, DAY5, DAY6, DAY7, DAY8, DAY9, DAY10, DAY11, DAY12, DAY13, DAY14, DAY15, DAY16, FK_TIMESHEET, FK_ACCOUNTCOURSEPERMIT) 
		VALUES (1, 4, 1, 5, 3, 7, 5, 1, 2, 6, 2, 0, 0, 1, 0, 0, 3, 'C1457'); 
INSERT INTO WORKLOAD(DAY1, DAY2, DAY3, DAY4, DAY5, DAY6, DAY7, DAY8, DAY9, DAY10, DAY11, DAY12, DAY13, DAY14, DAY15, DAY16, FK_TIMESHEET, FK_ACCOUNTCOURSEPERMIT) 
		VALUES (0, 2, 1, 0, 3, 0, 2, 4, 6, 2, 6, 8, 7, 1, 7, 0, 3, 'D1975'); 
INSERT INTO WORKLOAD(DAY1, DAY2, DAY3, DAY4, DAY5, DAY6, DAY7, DAY8, DAY9, DAY10, DAY11, DAY12, DAY13, DAY14, DAY15, DAY16, FK_TIMESHEET, FK_ACCOUNTCOURSEPERMIT) 
		VALUES (3, 7, 0, 6, 2, 1, 0, 2, 0, 0, 0, 0, 1, 6, 1, 0, 3, 'A4444'); 
INSERT INTO WORKLOAD(DAY1, DAY2, DAY3, DAY4, DAY5, DAY6, DAY7, DAY8, DAY9, DAY10, DAY11, DAY12, DAY13, DAY14, DAY15, DAY16, FK_TIMESHEET, FK_ACCOUNTCOURSEPERMIT) 
		VALUES (4, 0, 8, 0, 5, 3, 7, 0, 0, 0, 4, 2, 3, 8, 5, 0, 4, 'C1457'); 
INSERT INTO WORKLOAD(DAY1, DAY2, DAY3, DAY4, DAY5, DAY6, DAY7, DAY8, DAY9, DAY10, DAY11, DAY12, DAY13, DAY14, DAY15, DAY16, FK_TIMESHEET, FK_ACCOUNTCOURSEPERMIT) 
		VALUES (1, 1, 0, 2, 1, 5, 1, 6, 3, 1, 0, 4, 2, 0, 1, 0, 4, 'D1975'); 
INSERT INTO WORKLOAD(DAY1, DAY2, DAY3, DAY4, DAY5, DAY6, DAY7, DAY8, DAY9, DAY10, DAY11, DAY12, DAY13, DAY14, DAY15, DAY16, FK_TIMESHEET, FK_ACCOUNTCOURSEPERMIT) 
		VALUES (3, 7, 0, 6, 2, 0, 0, 2, 5, 7, 4, 2, 3, 0, 2, 0, 4, 'A4444'); 
INSERT INTO WORKLOAD(DAY1, DAY2, DAY3, DAY4, DAY5, DAY6, DAY7, DAY8, DAY9, DAY10, DAY11, DAY12, DAY13, DAY14, DAY15, DAY16, FK_TIMESHEET, FK_ACCOUNTCOURSEPERMIT) 
		VALUES (0, 7, 1, 5, 2, 3, 6, 1, 1, 2, 3, 0, 3, 1, 4, 3, 5, 'C1457'); 
INSERT INTO WORKLOAD(DAY1, DAY2, DAY3, DAY4, DAY5, DAY6, DAY7, DAY8, DAY9, DAY10, DAY11, DAY12, DAY13, DAY14, DAY15, DAY16, FK_TIMESHEET, FK_ACCOUNTCOURSEPERMIT) 
		VALUES (6, 1, 3, 2, 0, 5, 0, 6, 2, 1, 2, 1, 2, 1, 4, 3, 5, 'D1975'); 
INSERT INTO WORKLOAD(DAY1, DAY2, DAY3, DAY4, DAY5, DAY6, DAY7, DAY8, DAY9, DAY10, DAY11, DAY12, DAY13, DAY14, DAY15, DAY16, FK_TIMESHEET, FK_ACCOUNTCOURSEPERMIT) 
		VALUES (2, 0, 4, 1, 6, 0, 1, 1, 5, 5, 3, 7, 3, 6, 0, 2, 5, 'A4444'); 
INSERT INTO WORKLOAD(DAY1, DAY2, DAY3, DAY4, DAY5, DAY6, DAY7, DAY8, DAY9, DAY10, DAY11, DAY12, DAY13, DAY14, DAY15, DAY16, FK_TIMESHEET, FK_ACCOUNTCOURSEPERMIT) 
		VALUES (4, 0, 8, 0, 5, 3, 7, 0, 0, 0, 4, 2, 3, 8, 5, 0, 6, 'C1457'); 
INSERT INTO WORKLOAD(DAY1, DAY2, DAY3, DAY4, DAY5, DAY6, DAY7, DAY8, DAY9, DAY10, DAY11, DAY12, DAY13, DAY14, DAY15, DAY16, FK_TIMESHEET, FK_ACCOUNTCOURSEPERMIT) 
		VALUES (1, 1, 0, 2, 1, 5, 1, 6, 3, 1, 0, 4, 2, 0, 1, 0, 6, 'D1975'); 
INSERT INTO WORKLOAD(DAY1, DAY2, DAY3, DAY4, DAY5, DAY6, DAY7, DAY8, DAY9, DAY10, DAY11, DAY12, DAY13, DAY14, DAY15, DAY16, FK_TIMESHEET, FK_ACCOUNTCOURSEPERMIT) 
		VALUES (3, 7, 0, 6, 2, 0, 0, 2, 5, 7, 4, 2, 3, 0, 2, 0, 6, 'A4444'); 
INSERT INTO WORKLOAD(DAY1, DAY2, DAY3, DAY4, DAY5, DAY6, DAY7, DAY8, DAY9, DAY10, DAY11, DAY12, DAY13, DAY14, DAY15, DAY16, FK_TIMESHEET, FK_ACCOUNTCOURSEPERMIT) 
		VALUES (2, 5, 0, 3, 2, 1, 6, 3, 1, 8, 1, 6, 5, 0, 1, 0, 7, 'C1457'); 
INSERT INTO WORKLOAD(DAY1, DAY2, DAY3, DAY4, DAY5, DAY6, DAY7, DAY8, DAY9, DAY10, DAY11, DAY12, DAY13, DAY14, DAY15, DAY16, FK_TIMESHEET, FK_ACCOUNTCOURSEPERMIT) 
		VALUES (3, 1, 4, 2, 1, 5, 1, 5, 3, 0, 3, 2, 2, 4, 4, 0, 7, 'D1975'); 
INSERT INTO WORKLOAD(DAY1, DAY2, DAY3, DAY4, DAY5, DAY6, DAY7, DAY8, DAY9, DAY10, DAY11, DAY12, DAY13, DAY14, DAY15, DAY16, FK_TIMESHEET, FK_ACCOUNTCOURSEPERMIT) 
		VALUES (3, 2, 4, 3, 5, 2, 1, 0, 4, 0, 4, 0, 1, 4, 3, 0, 7, 'A4444'); 
INSERT INTO WORKLOAD(DAY1, DAY2, DAY3, DAY4, DAY5, DAY6, DAY7, DAY8, DAY9, DAY10, DAY11, DAY12, DAY13, DAY14, DAY15, DAY16, FK_TIMESHEET, FK_ACCOUNTCOURSEPERMIT) 
		VALUES (1, 4, 1, 5, 3, 7, 5, 1, 2, 6, 2, 0, 0, 1, 0, 0, 8, 'C1457'); 
INSERT INTO WORKLOAD(DAY1, DAY2, DAY3, DAY4, DAY5, DAY6, DAY7, DAY8, DAY9, DAY10, DAY11, DAY12, DAY13, DAY14, DAY15, DAY16, FK_TIMESHEET, FK_ACCOUNTCOURSEPERMIT) 
		VALUES (0, 2, 1, 0, 3, 0, 2, 4, 6, 2, 6, 8, 7, 1, 7, 0, 8, 'D1975'); 
INSERT INTO WORKLOAD(DAY1, DAY2, DAY3, DAY4, DAY5, DAY6, DAY7, DAY8, DAY9, DAY10, DAY11, DAY12, DAY13, DAY14, DAY15, DAY16, FK_TIMESHEET, FK_ACCOUNTCOURSEPERMIT) 
		VALUES (3, 7, 0, 6, 2, 1, 0, 2, 0, 0, 0, 0, 1, 6, 1, 0, 8, 'A4444'); 
INSERT INTO WORKLOAD(DAY1, DAY2, DAY3, DAY4, DAY5, DAY6, DAY7, DAY8, DAY9, DAY10, DAY11, DAY12, DAY13, DAY14, DAY15, DAY16, FK_TIMESHEET, FK_ACCOUNTCOURSEPERMIT) 
		VALUES (4, 0, 8, 0, 5, 3, 7, 0, 0, 0, 4, 2, 3, 8, 5, 2, 9, 'C1457'); 
INSERT INTO WORKLOAD(DAY1, DAY2, DAY3, DAY4, DAY5, DAY6, DAY7, DAY8, DAY9, DAY10, DAY11, DAY12, DAY13, DAY14, DAY15, DAY16, FK_TIMESHEET, FK_ACCOUNTCOURSEPERMIT) 
		VALUES (1, 1, 0, 2, 1, 5, 1, 6, 3, 1, 0, 4, 2, 0, 1, 5, 9, 'D1975'); 
INSERT INTO WORKLOAD(DAY1, DAY2, DAY3, DAY4, DAY5, DAY6, DAY7, DAY8, DAY9, DAY10, DAY11, DAY12, DAY13, DAY14, DAY15, DAY16, FK_TIMESHEET, FK_ACCOUNTCOURSEPERMIT) 
		VALUES (3, 7, 0, 6, 2, 0, 0, 2, 5, 7, 4, 2, 3, 0, 2, 1, 9, 'A4444'); 
INSERT INTO WORKLOAD(DAY1, DAY2, DAY3, DAY4, DAY5, DAY6, DAY7, DAY8, DAY9, DAY10, DAY11, DAY12, DAY13, DAY14, DAY15, DAY16, FK_TIMESHEET, FK_ACCOUNTCOURSEPERMIT) 
		VALUES (0, 7, 1, 5, 2, 3, 6, 1, 1, 2, 3, 0, 3, 1, 4, 0, 10, 'C1457'); 
INSERT INTO WORKLOAD(DAY1, DAY2, DAY3, DAY4, DAY5, DAY6, DAY7, DAY8, DAY9, DAY10, DAY11, DAY12, DAY13, DAY14, DAY15, DAY16, FK_TIMESHEET, FK_ACCOUNTCOURSEPERMIT) 
		VALUES (6, 1, 3, 2, 0, 5, 0, 6, 2, 1, 2, 1, 2, 1, 0, 0, 10, 'D1975'); 
INSERT INTO WORKLOAD(DAY1, DAY2, DAY3, DAY4, DAY5, DAY6, DAY7, DAY8, DAY9, DAY10, DAY11, DAY12, DAY13, DAY14, DAY15, DAY16, FK_TIMESHEET, FK_ACCOUNTCOURSEPERMIT) 
		VALUES (2, 0, 4, 1, 6, 0, 1, 1, 5, 5, 3, 7, 3, 6, 4, 0, 10, 'A4444');
INSERT INTO WORKLOAD(DAY1, DAY2, DAY3, DAY4, DAY5, DAY6, DAY7, DAY8, DAY9, DAY10, DAY11, DAY12, DAY13, DAY14, DAY15, DAY16, FK_TIMESHEET, FK_ACCOUNTCOURSEPERMIT) 
		VALUES (4, 0, 8, 0, 5, 3, 7, 0, 0, 0, 4, 2, 3, 8, 5, 0, 11, 'C1457'); 
INSERT INTO WORKLOAD(DAY1, DAY2, DAY3, DAY4, DAY5, DAY6, DAY7, DAY8, DAY9, DAY10, DAY11, DAY12, DAY13, DAY14, DAY15, DAY16, FK_TIMESHEET, FK_ACCOUNTCOURSEPERMIT) 
		VALUES (1, 1, 0, 2, 1, 5, 1, 6, 3, 1, 0, 4, 2, 0, 1, 0, 11, 'D1975'); 
INSERT INTO WORKLOAD(DAY1, DAY2, DAY3, DAY4, DAY5, DAY6, DAY7, DAY8, DAY9, DAY10, DAY11, DAY12, DAY13, DAY14, DAY15, DAY16, FK_TIMESHEET, FK_ACCOUNTCOURSEPERMIT) 
		VALUES (3, 7, 0, 6, 2, 0, 0, 2, 5, 7, 4, 2, 3, 0, 2, 0, 11, 'A4444'); 
INSERT INTO WORKLOAD(DAY1, DAY2, DAY3, DAY4, DAY5, DAY6, DAY7, DAY8, DAY9, DAY10, DAY11, DAY12, DAY13, DAY14, DAY15, DAY16, FK_TIMESHEET, FK_ACCOUNTCOURSEPERMIT) 
		VALUES (2, 5, 0, 3, 2, 1, 6, 3, 1, 8, 1, 6, 5, 0, 1, 0, 12, 'C1457'); 
INSERT INTO WORKLOAD(DAY1, DAY2, DAY3, DAY4, DAY5, DAY6, DAY7, DAY8, DAY9, DAY10, DAY11, DAY12, DAY13, DAY14, DAY15, DAY16, FK_TIMESHEET, FK_ACCOUNTCOURSEPERMIT) 
		VALUES (3, 1, 4, 2, 1, 5, 1, 5, 3, 0, 3, 2, 2, 4, 4, 0, 12, 'D1975'); 
INSERT INTO WORKLOAD(DAY1, DAY2, DAY3, DAY4, DAY5, DAY6, DAY7, DAY8, DAY9, DAY10, DAY11, DAY12, DAY13, DAY14, DAY15, DAY16, FK_TIMESHEET, FK_ACCOUNTCOURSEPERMIT) 
		VALUES (3, 2, 4, 3, 5, 2, 1, 0, 4, 0, 4, 0, 1, 4, 3, 0, 12, 'A4444'); 
INSERT INTO WORKLOAD(DAY1, DAY2, DAY3, DAY4, DAY5, DAY6, DAY7, DAY8, DAY9, DAY10, DAY11, DAY12, DAY13, DAY14, DAY15, DAY16, FK_TIMESHEET, FK_ACCOUNTCOURSEPERMIT) 
		VALUES (1, 4, 1, 5, 3, 7, 5, 1, 2, 6, 2, 0, 0, 1, 0, 0, 13, 'C1457'); 
INSERT INTO WORKLOAD(DAY1, DAY2, DAY3, DAY4, DAY5, DAY6, DAY7, DAY8, DAY9, DAY10, DAY11, DAY12, DAY13, DAY14, DAY15, DAY16, FK_TIMESHEET, FK_ACCOUNTCOURSEPERMIT) 
		VALUES (0, 2, 1, 0, 3, 0, 2, 4, 6, 2, 6, 8, 7, 1, 7, 0, 13, 'D1975'); 
INSERT INTO WORKLOAD(DAY1, DAY2, DAY3, DAY4, DAY5, DAY6, DAY7, DAY8, DAY9, DAY10, DAY11, DAY12, DAY13, DAY14, DAY15, DAY16, FK_TIMESHEET, FK_ACCOUNTCOURSEPERMIT) 
		VALUES (3, 7, 0, 6, 2, 1, 0, 2, 0, 0, 0, 0, 1, 6, 1, 0, 13, 'A4444'); 
INSERT INTO WORKLOAD(DAY1, DAY2, DAY3, DAY4, DAY5, DAY6, DAY7, DAY8, DAY9, DAY10, DAY11, DAY12, DAY13, DAY14, DAY15, DAY16, FK_TIMESHEET, FK_ACCOUNTCOURSEPERMIT) 
		VALUES (4, 0, 8, 0, 5, 3, 7, 0, 0, 0, 4, 2, 3, 8, 5, 7, 14, 'C1457'); 
INSERT INTO WORKLOAD(DAY1, DAY2, DAY3, DAY4, DAY5, DAY6, DAY7, DAY8, DAY9, DAY10, DAY11, DAY12, DAY13, DAY14, DAY15, DAY16, FK_TIMESHEET, FK_ACCOUNTCOURSEPERMIT) 
		VALUES (1, 1, 0, 2, 1, 5, 1, 6, 3, 1, 0, 4, 2, 0, 1, 1, 14, 'D1975'); 
INSERT INTO WORKLOAD(DAY1, DAY2, DAY3, DAY4, DAY5, DAY6, DAY7, DAY8, DAY9, DAY10, DAY11, DAY12, DAY13, DAY14, DAY15, DAY16, FK_TIMESHEET, FK_ACCOUNTCOURSEPERMIT) 
		VALUES (3, 7, 0, 6, 2, 0, 0, 2, 5, 7, 4, 2, 3, 0, 2, 0, 14, 'A4444'); 
INSERT INTO WORKLOAD(DAY1, DAY2, DAY3, DAY4, DAY5, DAY6, DAY7, DAY8, DAY9, DAY10, DAY11, DAY12, DAY13, DAY14, DAY15, DAY16, FK_TIMESHEET, FK_ACCOUNTCOURSEPERMIT) 
		VALUES (0, 7, 1, 5, 2, 3, 6, 1, 1, 2, 3, 0, 3, 1, 4, 0, 15, 'C1457'); 
INSERT INTO WORKLOAD(DAY1, DAY2, DAY3, DAY4, DAY5, DAY6, DAY7, DAY8, DAY9, DAY10, DAY11, DAY12, DAY13, DAY14, DAY15, DAY16, FK_TIMESHEET, FK_ACCOUNTCOURSEPERMIT) 
		VALUES (6, 1, 3, 2, 0, 5, 0, 6, 2, 1, 2, 1, 2, 1, 4, 0, 15, 'D1975'); 
INSERT INTO WORKLOAD(DAY1, DAY2, DAY3, DAY4, DAY5, DAY6, DAY7, DAY8, DAY9, DAY10, DAY11, DAY12, DAY13, DAY14, DAY15, DAY16, FK_TIMESHEET, FK_ACCOUNTCOURSEPERMIT) 
		VALUES (2, 0, 4, 1, 6, 0, 1, 1, 5, 5, 3, 7, 3, 6, 0, 0, 15, 'A4444'); 
INSERT INTO WORKLOAD(DAY1, DAY2, DAY3, DAY4, DAY5, DAY6, DAY7, DAY8, DAY9, DAY10, DAY11, DAY12, DAY13, DAY14, DAY15, DAY16, FK_TIMESHEET, FK_ACCOUNTCOURSEPERMIT) 
		VALUES (4, 0, 8, 0, 5, 3, 7, 0, 0, 0, 4, 2, 3, 8, 5, 0, 16, 'C1457'); 
INSERT INTO WORKLOAD(DAY1, DAY2, DAY3, DAY4, DAY5, DAY6, DAY7, DAY8, DAY9, DAY10, DAY11, DAY12, DAY13, DAY14, DAY15, DAY16, FK_TIMESHEET, FK_ACCOUNTCOURSEPERMIT) 
		VALUES (1, 1, 0, 2, 1, 5, 1, 6, 3, 1, 0, 4, 2, 0, 1, 0, 16, 'D1975'); 
INSERT INTO WORKLOAD(DAY1, DAY2, DAY3, DAY4, DAY5, DAY6, DAY7, DAY8, DAY9, DAY10, DAY11, DAY12, DAY13, DAY14, DAY15, DAY16, FK_TIMESHEET, FK_ACCOUNTCOURSEPERMIT) 
		VALUES (3, 7, 0, 6, 2, 0, 0, 2, 5, 7, 4, 2, 3, 0, 2, 0, 16, 'A4444'); 
INSERT INTO WORKLOAD(DAY1, DAY2, DAY3, DAY4, DAY5, DAY6, DAY7, DAY8, DAY9, DAY10, DAY11, DAY12, DAY13, DAY14, DAY15, DAY16, FK_TIMESHEET, FK_ACCOUNTCOURSEPERMIT) 
		VALUES (2, 5, 0, 3, 2, 1, 6, 3, 1, 8, 1, 6, 5, 0, 1, 0, 17, 'C1457'); 
INSERT INTO WORKLOAD(DAY1, DAY2, DAY3, DAY4, DAY5, DAY6, DAY7, DAY8, DAY9, DAY10, DAY11, DAY12, DAY13, DAY14, DAY15, DAY16, FK_TIMESHEET, FK_ACCOUNTCOURSEPERMIT) 
		VALUES (3, 1, 4, 2, 1, 5, 1, 5, 3, 0, 3, 2, 2, 4, 4, 0, 17, 'D1975'); 
INSERT INTO WORKLOAD(DAY1, DAY2, DAY3, DAY4, DAY5, DAY6, DAY7, DAY8, DAY9, DAY10, DAY11, DAY12, DAY13, DAY14, DAY15, DAY16, FK_TIMESHEET, FK_ACCOUNTCOURSEPERMIT) 
		VALUES (3, 2, 4, 3, 5, 2, 1, 0, 4, 0, 4, 0, 1, 4, 3, 0, 17, 'A4444'); 
INSERT INTO WORKLOAD(DAY1, DAY2, DAY3, DAY4, DAY5, DAY6, DAY7, DAY8, DAY9, DAY10, DAY11, DAY12, DAY13, DAY14, DAY15, DAY16, FK_TIMESHEET, FK_ACCOUNTCOURSEPERMIT) 
		VALUES (1, 4, 1, 5, 3, 7, 5, 1, 2, 6, 2, 0, 0, 1, 0, 0, 18, 'C1457'); 
INSERT INTO WORKLOAD(DAY1, DAY2, DAY3, DAY4, DAY5, DAY6, DAY7, DAY8, DAY9, DAY10, DAY11, DAY12, DAY13, DAY14, DAY15, DAY16, FK_TIMESHEET, FK_ACCOUNTCOURSEPERMIT) 
		VALUES (0, 2, 1, 0, 3, 0, 2, 4, 6, 2, 6, 8, 7, 1, 7, 0, 18, 'D1975'); 
INSERT INTO WORKLOAD(DAY1, DAY2, DAY3, DAY4, DAY5, DAY6, DAY7, DAY8, DAY9, DAY10, DAY11, DAY12, DAY13, DAY14, DAY15, DAY16, FK_TIMESHEET, FK_ACCOUNTCOURSEPERMIT) 
		VALUES (3, 7, 0, 6, 2, 1, 0, 2, 0, 0, 0, 0, 1, 6, 1, 8, 18, 'A4444'); 